{
    "name": "root",
    "gauges": {
        "MiniHelper.Policy.Entropy.mean": {
            "value": 1.3067245483398438,
            "min": 1.3067245483398438,
            "max": 1.4079604148864746,
            "count": 4
        },
        "MiniHelper.Policy.Entropy.sum": {
            "value": 12947.02734375,
            "min": 12947.02734375,
            "max": 14823.0078125,
            "count": 4
        },
        "MiniHelper.Environment.EpisodeLength.mean": {
            "value": 923.7272727272727,
            "min": 177.4848484848485,
            "max": 923.7272727272727,
            "count": 4
        },
        "MiniHelper.Environment.EpisodeLength.sum": {
            "value": 10161.0,
            "min": 4368.0,
            "max": 10161.0,
            "count": 4
        },
        "MiniHelper.Step.mean": {
            "value": 39954.0,
            "min": 9986.0,
            "max": 39954.0,
            "count": 4
        },
        "MiniHelper.Step.sum": {
            "value": 39954.0,
            "min": 9986.0,
            "max": 39954.0,
            "count": 4
        },
        "MiniHelper.Policy.ExtrinsicValueEstimate.mean": {
            "value": 0.6038092970848083,
            "min": -0.16048742830753326,
            "max": 2.288156032562256,
            "count": 4
        },
        "MiniHelper.Policy.ExtrinsicValueEstimate.sum": {
            "value": 97.21329498291016,
            "min": -27.92481231689453,
            "max": 377.5457458496094,
            "count": 4
        },
        "MiniHelper.Policy.GailValueEstimate.mean": {
            "value": 23.395292282104492,
            "min": 14.31518268585205,
            "max": 25.864456176757812,
            "count": 4
        },
        "MiniHelper.Policy.GailValueEstimate.sum": {
            "value": 3766.64208984375,
            "min": 2490.841796875,
            "max": 4267.63525390625,
            "count": 4
        },
        "MiniHelper.Environment.CumulativeReward.mean": {
            "value": 7.545454545454546,
            "min": -0.8484848484848485,
            "max": 11.142857142857142,
            "count": 4
        },
        "MiniHelper.Environment.CumulativeReward.sum": {
            "value": 83.0,
            "min": -28.0,
            "max": 156.0,
            "count": 4
        },
        "MiniHelper.Policy.ExtrinsicReward.mean": {
            "value": 7.545454545454546,
            "min": -0.8484848484848485,
            "max": 11.142857142857142,
            "count": 4
        },
        "MiniHelper.Policy.ExtrinsicReward.sum": {
            "value": 83.0,
            "min": -28.0,
            "max": 156.0,
            "count": 4
        },
        "MiniHelper.Policy.GailReward.mean": {
            "value": 259.7023925997994,
            "min": 51.03748143802989,
            "max": 259.7023925997994,
            "count": 4
        },
        "MiniHelper.Policy.GailReward.sum": {
            "value": 2856.7263185977936,
            "min": 1233.2454577088356,
            "max": 3184.9093881845474,
            "count": 4
        },
        "MiniHelper.Losses.PolicyLoss.mean": {
            "value": 0.2429436056291997,
            "min": 0.2429436056291997,
            "max": 0.24970287362264315,
            "count": 4
        },
        "MiniHelper.Losses.PolicyLoss.sum": {
            "value": 18.949601239077577,
            "min": 13.234252302000087,
            "max": 18.949601239077577,
            "count": 4
        },
        "MiniHelper.Losses.ValueLoss.mean": {
            "value": 5.678182324253309,
            "min": 5.678182324253309,
            "max": 14.502711440735494,
            "count": 4
        },
        "MiniHelper.Losses.ValueLoss.sum": {
            "value": 442.8982212917581,
            "min": 369.0682226915054,
            "max": 1029.69251229222,
            "count": 4
        },
        "MiniHelper.Policy.LearningRate.mean": {
            "value": 0.00027898423008218206,
            "min": 0.00027898423008218206,
            "max": 0.00029622348805129054,
            "count": 4
        },
        "MiniHelper.Policy.LearningRate.sum": {
            "value": 0.0217607699464102,
            "min": 0.0156998448667184,
            "max": 0.0221197466267512,
            "count": 4
        },
        "MiniHelper.Policy.Epsilon.mean": {
            "value": 0.19299474102564101,
            "min": 0.19299474102564101,
            "max": 0.19874116226415098,
            "count": 4
        },
        "MiniHelper.Policy.Epsilon.sum": {
            "value": 15.0535898,
            "min": 10.533281600000002,
            "max": 15.0535898,
            "count": 4
        },
        "MiniHelper.Policy.Beta.mean": {
            "value": 0.00046567423102564096,
            "min": 0.00046567423102564096,
            "max": 0.0004938316950943396,
            "count": 4
        },
        "MiniHelper.Policy.Beta.sum": {
            "value": 0.03632259002,
            "min": 0.026173079840000002,
            "max": 0.036888919119999995,
            "count": 4
        },
        "MiniHelper.Policy.GAILPolicyEstimate.mean": {
            "value": 0.29782048349468415,
            "min": 0.29782048349468415,
            "max": 0.3653730123119096,
            "count": 4
        },
        "MiniHelper.Policy.GAILPolicyEstimate.sum": {
            "value": 23.229997712585366,
            "min": 19.36476965253121,
            "max": 27.519657115158257,
            "count": 4
        },
        "MiniHelper.Policy.GAILExpertEstimate.mean": {
            "value": 0.7129523193322194,
            "min": 0.6113868133888299,
            "max": 0.7129523193322194,
            "count": 4
        },
        "MiniHelper.Policy.GAILExpertEstimate.sum": {
            "value": 55.61028090791311,
            "min": 32.40350110960799,
            "max": 55.61028090791311,
            "count": 4
        },
        "MiniHelper.Losses.GAILLoss.mean": {
            "value": 0.7654552087350626,
            "min": 0.7654552087350626,
            "max": 1.0079445480302431,
            "count": 4
        },
        "MiniHelper.Losses.GAILLoss.sum": {
            "value": 59.70550628133488,
            "min": 53.42106104560289,
            "max": 72.62917170826577,
            "count": 4
        },
        "MiniHelper.Policy.GAILGradMagLoss.mean": {
            "value": 0.08641069364122721,
            "min": 0.06735459268192218,
            "max": 0.10807034408106717,
            "count": 4
        },
        "MiniHelper.Policy.GAILGradMagLoss.sum": {
            "value": 6.740034104015722,
            "min": 5.118949043826086,
            "max": 6.740034104015722,
            "count": 4
        },
        "MiniHelper.IsTraining.mean": {
            "value": 1.0,
            "min": 1.0,
            "max": 1.0,
            "count": 4
        },
        "MiniHelper.IsTraining.sum": {
            "value": 1.0,
            "min": 1.0,
            "max": 1.0,
            "count": 4
        }
    },
    "metadata": {
        "timer_format_version": "0.1.0",
        "start_time_seconds": "1712129257",
        "python_version": "3.8.8 (tags/v3.8.8:024d805, Feb 19 2021, 13:18:16) [MSC v.1928 64 bit (AMD64)]",
        "command_line_arguments": "C:\\Users\\Brandon\\Desktop\\SchoolWork\\COMP 4750 Project\\Project Mini Garden\\venv\\Scripts\\mlagents-learn config/MiniHelper.yml --run-id=MainTest3",
        "mlagents_version": "0.29.0",
        "mlagents_envs_version": "0.29.0",
        "communication_protocol_version": "1.5.0",
        "pytorch_version": "2.2.2+cpu",
        "numpy_version": "1.21.2",
        "end_time_seconds": "1712129396"
    },
    "total": 139.7635495,
    "count": 1,
    "self": 10.004500799999988,
    "children": {
        "run_training.setup": {
            "total": 0.057661900000000044,
            "count": 1,
            "self": 0.057661900000000044
        },
        "TrainerController.start_learning": {
            "total": 129.70138680000002,
            "count": 1,