{"count":1,"self":18.1273184,"total":177.6949454,"children":{"InitializeActuators":{"count":4,"self":0.0010004999999999999,"total":0.0010004999999999999,"children":null},"InitializeSensors":{"count":4,"self":0.0019990999999999997,"total":0.0019990999999999997,"children":null},"AgentSendState":{"count":77051,"self":0.16618539999999998,"total":7.6574623,"children":{"CollectObservations":{"count":61644,"self":0.0854634,"total":0.0854634,"children":null},"WriteActionMask":{"count":61644,"self":0.0268307,"total":0.0268307,"children":null},"RequestDecision":{"count":61644,"self":0.1261754,"total":7.3789827999999993,"children":{"AgentInfo.ToProto":{"count":61644,"self":0.0993071,"total":7.2528074,"children":{"GenerateSensorData":{"count":61644,"self":7.1534999999999993,"total":7.1535002999999993,"children":null}}}}}}},"DecideAction":{"count":77051,"self":151.6490752,"total":151.6490791,"children":null},"AgentAct":{"count":77051,"self":0.23697469999999998,"total":0.2399752,"children":{"AgentInfo.ToProto":{"count":10,"self":0.001,"total":0.0030004999999999997,"children":{"GenerateSensorData":{"count":10,"self":0.0020005,"total":0.0020005,"children":null}}}}},"AgentInfo.ToProto":{"count":77,"self":0,"total":0.017545599999999998,"children":{"GenerateSensorData":{"count":77,"self":0.017545599999999998,"total":0.017545599999999998,"children":null}}}},"gauges":{"MiniHelper.CumulativeReward":{"count":87,"max":20,"min":-1,"runningAverage":2.45976949,"value":-1,"weightedAverage":-0.5335275}},"metadata":{"timer_format_version":"0.1.0","start_time_seconds":"1712123046","unity_version":"2022.3.10f1","command_line_arguments":"C:\\Main\\Unity\\Unity Hub\\2022.3.10f1\\Editor\\Unity.exe -projectpath C:\\Users\\Brandon\\Desktop\\SchoolWork\\COMP 4750 Project\\Project Mini Garden -useHub -hubIPC -cloudEnvironment production -licensingIpc LicenseClient-Brandon -hubSessionId f77e3a86-0000-4f1f-b91c-fa97b37d6a24 -accessToken 2twKaL4RURJC1W3zY2YzgwnXizo1-52XHRNgVmrSuR0003f","communication_protocol_version":"1.5.0","com.unity.ml-agents_version":"2.0.1","scene_name":"Main Room","end_time_seconds":"1712123223"}}