{
    "name": "root",
    "gauges": {
        "MiniHelper.Policy.Entropy.mean": {
            "value": 1.3961139917373657,
            "min": 1.3961139917373657,
            "max": 1.4194893836975098,
            "count": 4
        },
        "MiniHelper.Policy.Entropy.sum": {
            "value": 69828.0390625,
            "min": 69828.0390625,
            "max": 71587.6875,
            "count": 4
        },
        "MiniHelper.Environment.EpisodeLength.mean": {
            "value": 1999.0,
            "min": 97.99372384937239,
            "max": 1999.0,
            "count": 4
        },
        "MiniHelper.Environment.EpisodeLength.sum": {
            "value": 37981.0,
            "min": 36208.0,
            "max": 57971.0,
            "count": 4
        },
        "MiniHelper.Step.mean": {
            "value": 199972.0,
            "min": 49972.0,
            "max": 199972.0,
            "count": 4
        },
        "MiniHelper.Step.sum": {
            "value": 199972.0,
            "min": 49972.0,
            "max": 199972.0,
            "count": 4
        },
        "MiniHelper.Policy.ExtrinsicValueEstimate.mean": {
            "value": 0.2299584001302719,
            "min": -0.006539774127304554,
            "max": 0.7916856408119202,
            "count": 4
        },
        "MiniHelper.Policy.ExtrinsicValueEstimate.sum": {
            "value": 183.04689025878906,
            "min": -6.8536834716796875,
            "max": 632.5568237304688,
            "count": 4
        },
        "MiniHelper.Environment.CumulativeReward.mean": {
            "value": 0.0,
            "min": -1.0,
            "max": 0.0,
            "count": 4
        },
        "MiniHelper.Environment.CumulativeReward.sum": {
            "value": 0.0,
            "min": -477.0,
            "max": 0.0,
            "count": 4
        },
        "MiniHelper.Policy.ExtrinsicReward.mean": {
            "value": 0.0,
            "min": -1.0,
            "max": 0.0,
            "count": 4
        },
        "MiniHelper.Policy.ExtrinsicReward.sum": {
            "value": 0.0,
            "min": -477.0,
            "max": 0.0,
            "count": 4
        },
        "MiniHelper.Losses.PolicyLoss.mean": {
            "value": 0.021588349291317477,
            "min": 0.021588349291317477,
            "max": 0.025431244336747722,
            "count": 4
        },
        "MiniHelper.Losses.PolicyLoss.sum": {
            "value": 0.10794174645658738,
            "min": 0.10172497734699089,
            "max": 0.12271187078955942,
            "count": 4
        },
        "MiniHelper.Losses.ValueLoss.mean": {
            "value": 0.00030695070672663864,
            "min": 0.00030695070672663864,
            "max": 0.06742780928810438,
            "count": 4
        },
        "MiniHelper.Losses.ValueLoss.sum": {
            "value": 0.0015347535336331932,
            "min": 0.0015347535336331932,
            "max": 0.2697112371524175,
            "count": 4
        },
        "MiniHelper.Policy.LearningRate.mean": {
            "value": 0.00019520979493008002,
            "min": 0.00019520979493008002,
            "max": 0.0002846122551292499,
            "count": 4
        },
        "MiniHelper.Policy.LearningRate.sum": {
            "value": 0.0009760489746504001,
            "min": 0.0009760489746504001,
            "max": 0.0012845046718318,
            "count": 4
        },
        "MiniHelper.Policy.Epsilon.mean": {
            "value": 0.16506992,
            "min": 0.16506992,
            "max": 0.19487075,
            "count": 4
        },
        "MiniHelper.Policy.Epsilon.sum": {
            "value": 0.8253496,
            "min": 0.779483,
            "max": 0.9281682000000001,
            "count": 4
        },
        "MiniHelper.Policy.Beta.mean": {
            "value": 0.0032569890080000005,
            "min": 0.0032569890080000005,
            "max": 0.004744050424999999,
            "count": 4
        },
        "MiniHelper.Policy.Beta.sum": {
            "value": 0.016284945040000002,
            "min": 0.016284945040000002,
            "max": 0.02141559318,
            "count": 4
        },
        "MiniHelper.IsTraining.mean": {
            "value": 1.0,
            "min": 1.0,
            "max": 1.0,
            "count": 4
        },
        "MiniHelper.IsTraining.sum": {
            "value": 1.0,
            "min": 1.0,
            "max": 1.0,
            "count": 4
        }
    },
    "metadata": {
        "timer_format_version": "0.1.0",
        "start_time_seconds": "1712037604",
        "python_version": "3.8.8 (tags/v3.8.8:024d805, Feb 19 2021, 13:18:16) [MSC v.1928 64 bit (AMD64)]",
        "command_line_arguments": "C:\\Users\\Brandon\\Desktop\\SchoolWork\\COMP 4750 Project\\Project Mini Garden\\venv\\Scripts\\mlagents-learn --run-id=Test2",
        "mlagents_version": "0.29.0",
        "mlagents_envs_version": "0.29.0",
        "communication_protocol_version": "1.5.0",
        "pytorch_version": "2.2.2+cpu",
        "numpy_version": "1.21.2",
        "end_time_seconds": "1712037775"
    },
    "total": 170.73778019999997,
    "count": 1,
    "self": 10.004708599999958,
    "children": {
        "run_training.setup": {
            "total": 0.05769089999999988,
            "count": 1,
            "self": 0.05769089999999988
        },
        "TrainerController.start_learning": {
            "total": 160.6753807,
            "count": 1,
            "self": 0.18241320000072392,
            "children": {
                "TrainerController._reset_env": {
                    "total": 28.5220051,
                    "count": 1,
                    "self": 28.5220051
                },
                "TrainerController.advance": {
                    "total": 131.9046724999993,
                    "count": 13952,
                    "self": 0.17205460000033668,
                    "children": {
                        "env_step": {
                            "total": 102.52040440000054,
                            "count": 13952,
                            "self": 90.5452278999994,
                            "children": {
                                "SubprocessEnvManager._take_step": {
                                    "total": 11.86107290000064,
                                    "count": 13953,
                                    "self": 0.5195176000002775,
                                    "children": {
                                        "TorchPolicy.evaluate": {
                                            "total": 11.341555300000362,
                                            "count": 13535,
                                            "self": 2.708985900001096,
                                            "children": {
                                                "TorchPolicy.sample_actions": {
                                                    "total": 8.632569399999266,
                                                    "count": 13535,
                                                    "self": 8.632569399999266
                                                }
                                            }
                                        }
                                    }
                                },
                                "workers": {
                                    "total": 0.11410360000050446,
                                    "count": 13951,
                                    "self": 0.0,
                                    "children": {
                                        "worker_root": {
                                            "total": 127.6707470000006,
                                            "count": 13951,
                                            "is_parallel": true,
                                            "self": 52.186850000000305,