{
    "name": "root",
    "gauges": {
        "MiniHelper.Policy.Entropy.mean": {
            "value": 1.4116594791412354,
            "min": 1.4116594791412354,
            "max": 1.4116594791412354,
            "count": 1
        },
        "MiniHelper.Policy.Entropy.sum": {
            "value": 14205.529296875,
            "min": 14205.529296875,
            "max": 14205.529296875,
            "count": 1
        },
        "MiniHelper.Step.mean": {
            "value": 9999.0,
            "min": 9999.0,
            "max": 9999.0,
            "count": 1
        },
        "MiniHelper.Step.sum": {
            "value": 9999.0,
            "min": 9999.0,
            "max": 9999.0,
            "count": 1
        },
        "MiniHelper.Policy.ExtrinsicValueEstimate.mean": {
            "value": -0.133823961019516,
            "min": -0.133823961019516,
            "max": -0.133823961019516,
            "count": 1
        },
        "MiniHelper.Policy.ExtrinsicValueEstimate.sum": {
            "value": -28.77215003967285,
            "min": -28.77215003967285,
            "max": -28.77215003967285,
            "count": 1
        },
        "MiniHelper.Policy.GailValueEstimate.mean": {
            "value": 10.944129943847656,
            "min": 10.944129943847656,
            "max": 10.944129943847656,
            "count": 1
        },
        "MiniHelper.Policy.GailValueEstimate.sum": {
            "value": 2352.988037109375,
            "min": 2352.988037109375,
            "max": 2352.988037109375,
            "count": 1
        },
        "MiniHelper.Environment.EpisodeLength.mean": {
            "value": 79.63709677419355,
            "min": 79.63709677419355,
            "max": 79.63709677419355,
            "count": 1
        },
        "MiniHelper.Environment.EpisodeLength.sum": {
            "value": 9875.0,
            "min": 9875.0,
            "max": 9875.0,
            "count": 1
        },
        "MiniHelper.Environment.CumulativeReward.mean": {
            "value": -0.056451612903225805,
            "min": -0.056451612903225805,
            "max": -0.056451612903225805,
            "count": 1
        },
        "MiniHelper.Environment.CumulativeReward.sum": {
            "value": -7.0,
            "min": -7.0,
            "max": -7.0,
            "count": 1
        },
        "MiniHelper.Policy.ExtrinsicReward.mean": {
            "value": -0.056451612903225805,
            "min": -0.056451612903225805,
            "max": -0.056451612903225805,
            "count": 1
        },
        "MiniHelper.Policy.ExtrinsicReward.sum": {
            "value": -7.0,
            "min": -7.0,
            "max": -7.0,
            "count": 1
        },
        "MiniHelper.Policy.GailReward.mean": {
            "value": 19.0066195806909,
            "min": 19.0066195806909,
            "max": 19.0066195806909,
            "count": 1
        },
        "MiniHelper.Policy.GailReward.sum": {
            "value": 2356.8208280056715,
            "min": 2356.8208280056715,
            "max": 2356.8208280056715,
            "count": 1
        },
        "MiniHelper.Losses.PolicyLoss.mean": {
            "value": 0.2458306892744338,
            "min": 0.2458306892744338,
            "max": 0.2458306892744338,
            "count": 1
        },
        "MiniHelper.Losses.PolicyLoss.sum": {
            "value": 17.945640317033668,
            "min": 17.945640317033668,
            "max": 17.945640317033668,
            "count": 1
        },
        "MiniHelper.Losses.ValueLoss.mean": {
            "value": 19.689351290233464,
            "min": 19.689351290233464,
            "max": 19.689351290233464,
            "count": 1
        },
        "MiniHelper.Losses.ValueLoss.sum": {
            "value": 1437.322644187043,
            "min": 1437.322644187043,
            "max": 1437.322644187043,
            "count": 1
        },
        "MiniHelper.Policy.LearningRate.mean": {
            "value": 0.0002969375599249232,
            "min": 0.0002969375599249232,
            "max": 0.0002969375599249232,
            "count": 1
        },
        "MiniHelper.Policy.LearningRate.sum": {
            "value": 0.021676441874519396,
            "min": 0.021676441874519396,
            "max": 0.021676441874519396,
            "count": 1
        },
        "MiniHelper.Policy.Epsilon.mean": {
            "value": 0.19897918630136988,
            "min": 0.19897918630136988,
            "max": 0.19897918630136988,
            "count": 1
        },
        "MiniHelper.Policy.Epsilon.sum": {
            "value": 14.525480600000002,
            "min": 14.525480600000002,
            "max": 14.525480600000002,
            "count": 1
        },
        "MiniHelper.Policy.Beta.mean": {
            "value": 0.0004949980128767122,
            "min": 0.0004949980128767122,
            "max": 0.0004949980128767122,
            "count": 1
        },
        "MiniHelper.Policy.Beta.sum": {
            "value": 0.036134854939999995,
            "min": 0.036134854939999995,
            "max": 0.036134854939999995,
            "count": 1
        },
        "MiniHelper.Policy.GAILPolicyEstimate.mean": {
            "value": 0.28865199480661763,
            "min": 0.28865199480661763,
            "max": 0.28865199480661763,
            "count": 1
        },
        "MiniHelper.Policy.GAILPolicyEstimate.sum": {
            "value": 21.071595620883087,
            "min": 21.071595620883087,
            "max": 21.071595620883087,
            "count": 1
        },
        "MiniHelper.Policy.GAILExpertEstimate.mean": {
            "value": 0.7131645743042575,
            "min": 0.7131645743042575,
            "max": 0.7131645743042575,
            "count": 1
        },
        "MiniHelper.Policy.GAILExpertEstimate.sum": {
            "value": 52.0610139242108,
            "min": 52.0610139242108,
            "max": 52.0610139242108,
            "count": 1
        },
        "MiniHelper.Losses.GAILLoss.mean": {
            "value": 0.7467855402736632,
            "min": 0.7467855402736632,
            "max": 0.7467855402736632,
            "count": 1
        },
        "MiniHelper.Losses.GAILLoss.sum": {
            "value": 54.51534443997741,
            "min": 54.51534443997741,
            "max": 54.51534443997741,
            "count": 1
        },
        "MiniHelper.Policy.GAILGradMagLoss.mean": {
            "value": 0.29087034119698035,
            "min": 0.29087034119698035,
            "max": 0.29087034119698035,
            "count": 1
        },
        "MiniHelper.Policy.GAILGradMagLoss.sum": {
            "value": 21.233534907379568,
            "min": 21.233534907379568,
            "max": 21.233534907379568,
            "count": 1
        },
        "MiniHelper.IsTraining.mean": {
            "value": 1.0,
            "min": 1.0,
            "max": 1.0,
            "count": 1
        },
        "MiniHelper.IsTraining.sum": {
            "value": 1.0,
            "min": 1.0,
            "max": 1.0,
            "count": 1
        }
    },
    "metadata": {
        "timer_format_version": "0.1.0",
        "start_time_seconds": "1712095940",
        "python_version": "3.8.8 (tags/v3.8.8:024d805, Feb 19 2021, 13:18:16) [MSC v.1928 64 bit (AMD64)]",
        "command_line_arguments": "C:\\Users\\Brandon\\Desktop\\SchoolWork\\COMP 4750 Project\\Project Mini Garden\\venv\\Scripts\\mlagents-learn config\\MiniHelper.yml --run-id=Test1",
        "mlagents_version": "0.29.0",
        "mlagents_envs_version": "0.29.0",
        "communication_protocol_version": "1.5.0",
        "pytorch_version": "2.2.2+cpu",
        "numpy_version": "1.21.2",
        "end_time_seconds": "1712096152"
    },
    "total": 212.65221449999999,
    "count": 1,
    "self": 0.0031812999999658587,
    "children": {
        "run_training.setup": {
            "total": 0.0538898000000001,
            "count": 1,
            "self": 0.0538898000000001
        },