{
    "name": "root",
    "gauges": {
        "MoveToGoal.Policy.Entropy.mean": {
            "value": 1.4016529321670532,
            "min": 1.4016529321670532,
            "max": 1.4148184061050415,
            "count": 3
        },
        "MoveToGoal.Policy.Entropy.sum": {
            "value": 71002.1328125,
            "min": 70524.4375,
            "max": 71374.7578125,
            "count": 3
        },
        "MoveToGoal.Step.mean": {
            "value": 149998.0,
            "min": 49937.0,
            "max": 149998.0,
            "count": 3
        },
        "MoveToGoal.Step.sum": {
            "value": 149998.0,
            "min": 49937.0,
            "max": 149998.0,
            "count": 3
        },
        "MoveToGoal.Policy.ExtrinsicValueEstimate.mean": {
            "value": -0.4396877586841583,
            "min": -1.6557602882385254,
            "max": -0.4396877586841583,
            "count": 3
        },
        "MoveToGoal.Policy.ExtrinsicValueEstimate.sum": {
            "value": -431.77337646484375,
            "min": -1728.61376953125,
            "max": -431.77337646484375,
            "count": 3
        },
        "MoveToGoal.Environment.EpisodeLength.mean": {
            "value": 190.2741935483871,
            "min": 91.1582867783985,
            "max": 190.2741935483871,
            "count": 3
        },
        "MoveToGoal.Environment.EpisodeLength.sum": {
            "value": 47188.0,
            "min": 47188.0,
            "max": 49371.0,
            "count": 3
        },
        "MoveToGoal.Environment.CumulativeReward.mean": {
            "value": -0.17338709677419356,
            "min": -0.9840637450199203,
            "max": -0.17338709677419356,
            "count": 3
        },
        "MoveToGoal.Environment.CumulativeReward.sum": {
            "value": -43.0,
            "min": -526.0,
            "max": -43.0,
            "count": 3
        },
        "MoveToGoal.Policy.ExtrinsicReward.mean": {
            "value": -0.17338709677419356,
            "min": -0.9840637450199203,
            "max": -0.17338709677419356,
            "count": 3
        },
        "MoveToGoal.Policy.ExtrinsicReward.sum": {
            "value": -43.0,
            "min": -526.0,
            "max": -43.0,
            "count": 3
        },
        "MoveToGoal.Losses.PolicyLoss.mean": {
            "value": 0.021817493042132506,
            "min": 0.021817493042132506,
            "max": 0.02467135071413698,
            "count": 3
        },
        "MoveToGoal.Losses.PolicyLoss.sum": {
            "value": 0.10908746521066254,
            "min": 0.09868540285654792,
            "max": 0.11806077763152037,
            "count": 3
        },
        "MoveToGoal.Losses.ValueLoss.mean": {
            "value": 0.001933223170732769,
            "min": 0.001933223170732769,
            "max": 0.060381604498252264,
            "count": 3
        },
        "MoveToGoal.Losses.ValueLoss.sum": {
            "value": 0.009666115853663846,
            "min": 0.009666115853663846,
            "max": 0.24152641799300906,
            "count": 3
        },
        "MoveToGoal.Policy.LearningRate.mean": {
            "value": 0.00022594106468632,
            "min": 0.00022594106468632,
            "max": 0.00028455810514729996,
            "count": 3
        },
        "MoveToGoal.Policy.LearningRate.sum": {
            "value": 0.0011297053234316,
            "min": 0.0011297053234316,
            "max": 0.0012839706720098,
            "count": 3
        },
        "MoveToGoal.Policy.Epsilon.mean": {
            "value": 0.17531368,
            "min": 0.17531368,
            "max": 0.19485270000000002,
            "count": 3
        },
        "MoveToGoal.Policy.Epsilon.sum": {
            "value": 0.8765684,
            "min": 0.7794108000000001,
            "max": 0.9279901999999999,
            "count": 3
        },
        "MoveToGoal.Policy.Beta.mean": {
            "value": 0.003768152632,
            "min": 0.003768152632,
            "max": 0.004743149729999999,
            "count": 3
        },
        "MoveToGoal.Policy.Beta.sum": {
            "value": 0.01884076316,
            "min": 0.01884076316,
            "max": 0.021406710980000004,
            "count": 3
        },
        "MoveToGoal.IsTraining.mean": {
            "value": 1.0,
            "min": 1.0,
            "max": 1.0,
            "count": 3
        },
        "MoveToGoal.IsTraining.sum": {
            "value": 1.0,
            "min": 1.0,
            "max": 1.0,
            "count": 3
        }
    },
    "metadata": {
        "timer_format_version": "0.1.0",
        "start_time_seconds": "1711922179",
        "python_version": "3.8.8 (tags/v3.8.8:024d805, Feb 19 2021, 13:18:16) [MSC v.1928 64 bit (AMD64)]",
        "command_line_arguments": "C:\\Users\\Brandon\\Desktop\\SchoolWork\\COMP 4750 Project\\Project Mini Garden\\venv\\Scripts\\mlagents-learn --run-id=Test5",
        "mlagents_version": "0.29.0",
        "mlagents_envs_version": "0.29.0",
        "communication_protocol_version": "1.5.0",
        "pytorch_version": "2.2.2+cpu",
        "numpy_version": "1.21.2",
        "end_time_seconds": "1711922291"
    },
    "total": 112.3400985,
    "count": 1,
    "self": 10.004053599999992,
    "children": {
        "run_training.setup": {
            "total": 0.05360379999999987,
            "count": 1,
            "self": 0.05360379999999987
        },
        "TrainerController.start_learning": {
            "total": 102.2824411,
            "count": 1,
            "self": 0.13857300000016437,
            "children": {
                "TrainerController._reset_env": {
                    "total": 6.3824667999999996,
                    "count": 1,
                    "self": 6.3824667999999996
                },
                "TrainerController.advance": {
                    "total": 95.70008969999982,
                    "count": 11679,
                    "self": 0.12328590000034012,
                    "children": {
                        "env_step": {
                            "total": 72.62672040000027,
                            "count": 11679,
                            "self": 63.71163220000078,
                            "children": {
                                "SubprocessEnvManager._take_step": {
                                    "total": 8.834628899999817,
                                    "count": 11680,
                                    "self": 0.3707972999998894,
                                    "children": {
                                        "TorchPolicy.evaluate": {
                                            "total": 8.463831599999928,
                                            "count": 10771,
                                            "self": 1.870615300000111,
                                            "children": {
                                                "TorchPolicy.sample_actions": {
                                                    "total": 6.593216299999817,
                                                    "count": 10771,
                                                    "self": 6.593216299999817
                                                }
                                            }
                                        }
                                    }
                                },
                                "workers": {
                                    "total": 0.08045929999967072,
                                    "count": 11678,
                                    "self": 0.0,
                                    "children": {
                                        "worker_root": {
                                            "total": 87.01876840000003,
                                            "count": 11678,
                                            "is_parallel": true,
                                            "self": 40.035280800000145,