{
    "name": "root",
    "gauges": {
        "MiniHelper.Policy.Entropy.mean": {
            "value": 1.195765495300293,
            "min": 1.195765495300293,
            "max": 1.4017895460128784,
            "count": 21
        },
        "MiniHelper.Policy.Entropy.sum": {
            "value": 11708.935546875,
            "min": 11708.935546875,
            "max": 17225.189453125,
            "count": 21
        },
        "MiniHelper.Environment.EpisodeLength.mean": {
            "value": 975.0,
            "min": 56.78260869565217,
            "max": 1516.6666666666667,
            "count": 21
        },
        "MiniHelper.Environment.EpisodeLength.sum": {
            "value": 12675.0,
            "min": 1306.0,
            "max": 20502.0,
            "count": 21
        },
        "MiniHelper.Step.mean": {
            "value": 209983.0,
            "min": 9969.0,
            "max": 209983.0,
            "count": 21
        },
        "MiniHelper.Step.sum": {
            "value": 209983.0,
            "min": 9969.0,
            "max": 209983.0,
            "count": 21
        },
        "MiniHelper.Policy.ExtrinsicValueEstimate.mean": {
            "value": -0.14356939494609833,
            "min": -0.3650060296058655,
            "max": 1.6511963605880737,
            "count": 21
        },
        "MiniHelper.Policy.ExtrinsicValueEstimate.sum": {
            "value": -23.114673614501953,
            "min": -60.95600891113281,
            "max": 265.8426208496094,
            "count": 21
        },
        "MiniHelper.Policy.GailValueEstimate.mean": {
            "value": 18.750932693481445,
            "min": 11.983625411987305,
            "max": 28.241775512695312,
            "count": 21
        },
        "MiniHelper.Policy.GailValueEstimate.sum": {
            "value": 3018.900146484375,
            "min": 2001.265380859375,
            "max": 4546.92578125,
            "count": 21
        },
        "MiniHelper.Environment.CumulativeReward.mean": {
            "value": 2.6153846153846154,
            "min": -1.0,
            "max": 17.529411764705884,
            "count": 21
        },
        "MiniHelper.Environment.CumulativeReward.sum": {
            "value": 34.0,
            "min": -21.0,
            "max": 298.0,
            "count": 21
        },
        "MiniHelper.Policy.ExtrinsicReward.mean": {
            "value": 2.6153846153846154,
            "min": -1.0,
            "max": 17.529411764705884,
            "count": 21
        },
        "MiniHelper.Policy.ExtrinsicReward.sum": {
            "value": 34.0,
            "min": -21.0,
            "max": 298.0,
            "count": 21
        },
        "MiniHelper.Policy.GailReward.mean": {
            "value": 209.86197165342477,
            "min": 12.176612128220174,
            "max": 344.90375862270594,
            "count": 21
        },
        "MiniHelper.Policy.GailReward.sum": {
            "value": 2728.205631494522,
            "min": 280.062078949064,
            "max": 5087.409191514831,
            "count": 21
        },
        "MiniHelper.Losses.PolicyLoss.mean": {
            "value": 0.24761576263904866,
            "min": 0.23896871616581458,
            "max": 0.25192934626163893,
            "count": 21
        },
        "MiniHelper.Losses.PolicyLoss.sum": {
            "value": 15.847408808899115,
            "min": 5.986858715715685,
            "max": 15.862872743886722,
            "count": 21
        },
        "MiniHelper.Losses.ValueLoss.mean": {
            "value": 8.073830947864089,
            "min": 3.8985294915817947,
            "max": 15.296459485371487,
            "count": 21
        },
        "MiniHelper.Losses.ValueLoss.sum": {
            "value": 516.7251806633017,
            "min": 128.32457199088458,
            "max": 933.0840286076607,
            "count": 21
        },
        "MiniHelper.Policy.LearningRate.mean": {
            "value": 0.000176989916003375,
            "min": 0.000176989916003375,
            "max": 0.000296862649045784,
            "count": 21
        },
        "MiniHelper.Policy.LearningRate.sum": {
            "value": 0.011327354624216,
            "min": 0.0074215662261446,
            "max": 0.015662113979295598,
            "count": 21
        },
        "MiniHelper.Policy.Epsilon.mean": {
            "value": 0.158996625,
            "min": 0.158996625,
            "max": 0.19895421600000002,
            "count": 21
        },
        "MiniHelper.Policy.Epsilon.sum": {
            "value": 10.175784,
            "min": 4.973855400000001,
            "max": 11.220704400000002,
            "count": 21
        },
        "MiniHelper.Policy.Beta.mean": {
            "value": 0.0002990834625,
            "min": 0.0002990834625,
            "max": 0.0004948756584000001,
            "count": 21
        },
        "MiniHelper.Policy.Beta.sum": {
            "value": 0.0191413416,
            "min": 0.012371891460000001,
            "max": 0.02618145156,
            "count": 21
        },
        "MiniHelper.Policy.GAILPolicyEstimate.mean": {
            "value": 0.2375681969024256,
            "min": 0.21409527387843164,
            "max": 0.37058449923912457,
            "count": 21
        },
        "MiniHelper.Policy.GAILPolicyEstimate.sum": {
            "value": 15.204364601755238,
            "min": 6.849000797726078,
            "max": 18.61684384784343,
            "count": 21
        },
        "MiniHelper.Policy.GAILExpertEstimate.mean": {
            "value": 0.7745761820919229,
            "min": 0.6247388958897144,
            "max": 0.7984466176226278,
            "count": 21
        },
        "MiniHelper.Policy.GAILExpertEstimate.sum": {
            "value": 49.57287565388307,
            "min": 18.07856638526751,
            "max": 50.66725948372475,
            "count": 21
        },
        "MiniHelper.Losses.GAILLoss.mean": {
            "value": 0.6401960265538615,
            "min": 0.5734620045026358,
            "max": 1.0438508722263167,
            "count": 21
        },
        "MiniHelper.Losses.GAILLoss.sum": {
            "value": 40.97254569944714,
            "min": 17.376155183038705,
            "max": 49.339124989204926,
            "count": 21
        },
        "MiniHelper.Policy.GAILGradMagLoss.mean": {
            "value": 0.0423047158201169,
            "min": 0.032879820113550215,
            "max": 0.6316827373602484,
            "count": 21
        },
        "MiniHelper.Policy.GAILGradMagLoss.sum": {
            "value": 2.7075018124874815,
            "min": 1.8741497464723622,
            "max": 15.79206843400621,
            "count": 21
        },
        "MiniHelper.IsTraining.mean": {
            "value": 1.0,
            "min": 1.0,
            "max": 1.0,
            "count": 21
        },
        "MiniHelper.IsTraining.sum": {
            "value": 1.0,
            "min": 1.0,
            "max": 1.0,
            "count": 21
        }
    },
    "metadata": {
        "timer_format_version": "0.1.0",
        "start_time_seconds": "1712128631",
        "python_version": "3.8.8 (tags/v3.8.8:024d805, Feb 19 2021, 13:18:16) [MSC v.1928 64 bit (AMD64)]",
        "command_line_arguments": "C:\\Users\\Brandon\\Desktop\\SchoolWork\\COMP 4750 Project\\Project Mini Garden\\venv\\Scripts\\mlagents-learn config/MiniHelper.yml --run-id=MainTest2",
        "mlagents_version": "0.29.0",
        "mlagents_envs_version": "0.29.0",
        "communication_protocol_version": "1.5.0",
        "pytorch_version": "2.2.2+cpu",
        "numpy_version": "1.21.2",
        "end_time_seconds": "1712129198"
    },
    "total": 567.0773085,
    "count": 1,
    "self": 10.005507099999932,
    "children": {
        "run_training.setup": {
            "total": 0.0548029000000001,
            "count": 1,
            "self": 0.0548029000000001
        },
        "TrainerController.start_learning": {
            "total": 557.0169985,
            "count": 1,
            "self": 0.0633528999991313,