{
    "name": "root",
    "gauges": {
        "MiniHelper.Policy.Entropy.mean": {
            "value": 1.4207478761672974,
            "min": 1.4207478761672974,
            "max": 1.4207478761672974,
            "count": 1
        },
        "MiniHelper.Policy.Entropy.sum": {
            "value": 71787.546875,
            "min": 71787.546875,
            "max": 71787.546875,
            "count": 1
        },
        "MiniHelper.Step.mean": {
            "value": 49977.0,
            "min": 49977.0,
            "max": 49977.0,
            "count": 1
        },
        "MiniHelper.Step.sum": {
            "value": 49977.0,
            "min": 49977.0,
            "max": 49977.0,
            "count": 1
        },
        "MiniHelper.Policy.ExtrinsicValueEstimate.mean": {
            "value": 0.08574206382036209,
            "min": 0.08574206382036209,
            "max": 0.08574206382036209,
            "count": 1
        },
        "MiniHelper.Policy.ExtrinsicValueEstimate.sum": {
            "value": 70.99443054199219,
            "min": 70.99443054199219,
            "max": 70.99443054199219,
            "count": 1
        },
        "MiniHelper.Environment.EpisodeLength.mean": {
            "value": 446.9263157894737,
            "min": 446.9263157894737,
            "max": 446.9263157894737,
            "count": 1
        },
        "MiniHelper.Environment.EpisodeLength.sum": {
            "value": 42458.0,
            "min": 42458.0,
            "max": 42458.0,
            "count": 1
        },
        "MiniHelper.Environment.CumulativeReward.mean": {
            "value": -0.8315789473684211,
            "min": -0.8315789473684211,
            "max": -0.8315789473684211,
            "count": 1
        },
        "MiniHelper.Environment.CumulativeReward.sum": {
            "value": -79.0,
            "min": -79.0,
            "max": -79.0,
            "count": 1
        },
        "MiniHelper.Policy.ExtrinsicReward.mean": {
            "value": -0.8315789473684211,
            "min": -0.8315789473684211,
            "max": -0.8315789473684211,
            "count": 1
        },
        "MiniHelper.Policy.ExtrinsicReward.sum": {
            "value": -79.0,
            "min": -79.0,
            "max": -79.0,
            "count": 1
        },
        "MiniHelper.Losses.PolicyLoss.mean": {
            "value": 0.022141883990601248,
            "min": 0.022141883990601248,
            "max": 0.022141883990601248,
            "count": 1
        },
        "MiniHelper.Losses.PolicyLoss.sum": {
            "value": 0.08856753596240499,
            "min": 0.08856753596240499,
            "max": 0.08856753596240499,
            "count": 1
        },
        "MiniHelper.Losses.ValueLoss.mean": {
            "value": 0.11322687960540255,
            "min": 0.11322687960540255,
            "max": 0.11322687960540255,
            "count": 1
        },
        "MiniHelper.Losses.ValueLoss.sum": {
            "value": 0.4529075184216102,
            "min": 0.4529075184216102,
            "max": 0.4529075184216102,
            "count": 1
        },
        "MiniHelper.Policy.LearningRate.mean": {
            "value": 0.0002845851051382999,
            "min": 0.0002845851051382999,
            "max": 0.0002845851051382999,
            "count": 1
        },
        "MiniHelper.Policy.LearningRate.sum": {
            "value": 0.0011383404205531995,
            "min": 0.0011383404205531995,
            "max": 0.0011383404205531995,
            "count": 1
        },
        "MiniHelper.Policy.Epsilon.mean": {
            "value": 0.19486170000000003,
            "min": 0.19486170000000003,
            "max": 0.19486170000000003,
            "count": 1
        },
        "MiniHelper.Policy.Epsilon.sum": {
            "value": 0.7794468000000001,
            "min": 0.7794468000000001,
            "max": 0.7794468000000001,
            "count": 1
        },
        "MiniHelper.Policy.Beta.mean": {
            "value": 0.00474359883,
            "min": 0.00474359883,
            "max": 0.00474359883,
            "count": 1
        },
        "MiniHelper.Policy.Beta.sum": {
            "value": 0.01897439532,
            "min": 0.01897439532,
            "max": 0.01897439532,
            "count": 1
        },
        "MiniHelper.IsTraining.mean": {
            "value": 1.0,
            "min": 1.0,
            "max": 1.0,
            "count": 1
        },
        "MiniHelper.IsTraining.sum": {
            "value": 1.0,
            "min": 1.0,
            "max": 1.0,
            "count": 1
        }
    },
    "metadata": {
        "timer_format_version": "0.1.0",
        "start_time_seconds": "1712037789",
        "python_version": "3.8.8 (tags/v3.8.8:024d805, Feb 19 2021, 13:18:16) [MSC v.1928 64 bit (AMD64)]",
        "command_line_arguments": "C:\\Users\\Brandon\\Desktop\\SchoolWork\\COMP 4750 Project\\Project Mini Garden\\venv\\Scripts\\mlagents-learn --run-id=Test3",
        "mlagents_version": "0.29.0",
        "mlagents_envs_version": "0.29.0",
        "communication_protocol_version": "1.5.0",
        "pytorch_version": "2.2.2+cpu",
        "numpy_version": "1.21.2",
        "end_time_seconds": "1712037898"
    },
    "total": 109.4700633,
    "count": 1,
    "self": 0.003955200000007153,
    "children": {
        "run_training.setup": {
            "total": 0.05129779999999995,
            "count": 1,
            "self": 0.05129779999999995
        },
        "TrainerController.start_learning": {
            "total": 109.4148103,
            "count": 1,
            "self": 0.08131480000014335,
            "children": {
                "TrainerController._reset_env": {
                    "total": 4.726584900000001,
                    "count": 1,
                    "self": 4.726584900000001
                },
                "TrainerController.advance": {
                    "total": 104.54778369999985,
                    "count": 6228,
                    "self": 0.08160479999982329,
                    "children": {
                        "env_step": {
                            "total": 91.67789760000024,
                            "count": 6228,
                            "self": 86.09482130000035,
                            "children": {
                                "SubprocessEnvManager._take_step": {
                                    "total": 5.532777800000235,
                                    "count": 6228,
                                    "self": 0.23665840000040195,
                                    "children": {
                                        "TorchPolicy.evaluate": {
                                            "total": 5.296119399999833,
                                            "count": 6141,
                                            "self": 1.2408396999996967,
                                            "children": {
                                                "TorchPolicy.sample_actions": {
                                                    "total": 4.055279700000137,
                                                    "count": 6141,
                                                    "self": 4.055279700000137
                                                }
                                            }
                                        }
                                    }
                                },
                                "workers": {
                                    "total": 0.050298499999659185,
                                    "count": 6227,
                                    "self": 0.0,
                                    "children": {
                                        "worker_root": {
                                            "total": 58.54311630000003,
                                            "count": 6227,
                                            "is_parallel": true,
                                            "self": 23.60433570000012,