{
    "name": "root",
    "metadata": {
        "timer_format_version": "0.1.0",
        "start_time_seconds": "1711921577",
        "python_version": "3.8.8 (tags/v3.8.8:024d805, Feb 19 2021, 13:18:16) [MSC v.1928 64 bit (AMD64)]",
        "command_line_arguments": "C:\\Users\\Brandon\\Desktop\\SchoolWork\\COMP 4750 Project\\Project Mini Garden\\venv\\Scripts\\mlagents-learn --run-id=Test4",
        "mlagents_version": "0.29.0",
        "mlagents_envs_version": "0.29.0",
        "communication_protocol_version": "1.5.0",
        "pytorch_version": "2.2.2+cpu",
        "numpy_version": "1.21.2",
        "end_time_seconds": "1711921654"
    },
    "total": 76.3271264,
    "count": 1,
    "self": 0.0029758000000015272,
    "children": {
        "run_training.setup": {
            "total": 0.07416620000000007,
            "count": 1,
            "self": 0.07416620000000007
        },
        "TrainerController.start_learning": {
            "total": 76.2499844,
            "count": 1,
            "self": 0.02392680000002656,
            "children": {
                "TrainerController._reset_env": {
                    "total": 14.4295123,
                    "count": 1,
                    "self": 14.4295123
                },
                "TrainerController.advance": {
                    "total": 61.69649039999996,
                    "count": 1809,
                    "self": 0.021612699999892016,
                    "children": {
                        "env_step": {
                            "total": 56.63371790000002,
                            "count": 1809,
                            "self": 55.092385500000155,
                            "children": {
                                "SubprocessEnvManager._take_step": {
                                    "total": 1.5284217999999186,
                                    "count": 1809,
                                    "self": 0.06113640000001297,
                                    "children": {
                                        "TorchPolicy.evaluate": {
                                            "total": 1.4672853999999056,
                                            "count": 1571,
                                            "self": 0.30061309999988595,
                                            "children": {
                                                "TorchPolicy.sample_actions": {
                                                    "total": 1.1666723000000196,
                                                    "count": 1571,
                                                    "self": 1.1666723000000196
                                                }
                                            }
                                        }
                                    }
                                },
                                "workers": {
                                    "total": 0.012910599999948147,
                                    "count": 1808,
                                    "self": 0.0,
                                    "children": {
                                        "worker_root": {
                                            "total": 13.379076399999906,
                                            "count": 1808,
                                            "is_parallel": true,
                                            "self": 8.642253099999992,
                                            "children": {
                                                "steps_from_proto": {
                                                    "total": 0.00040320000000093614,
                                                    "count": 1,
                                                    "is_parallel": true,
                                                    "self": 0.00017060000000057585,
                                                    "children": {
                                                        "_process_rank_one_or_two_observation": {
                                                            "total": 0.0002326000000003603,
                                                            "count": 2,
                                                            "is_parallel": true,
                                                            "self": 0.0002326000000003603
                                                        }
                                                    }
                                                },
                                                "UnityEnvironment.step": {
                                                    "total": 4.736420099999913,
                                                    "count": 1808,
                                                    "is_parallel": true,
                                                    "self": 0.13858209999990656,
                                                    "children": {
                                                        "UnityEnvironment._generate_step_input": {
                                                            "total": 0.23643179999993968,
                                                            "count": 1808,
                                                            "is_parallel": true,
                                                            "self": 0.23643179999993968
                                                        },
                                                        "communicator.exchange": {
                                                            "total": 3.9810312000000785,
                                                            "count": 1808,
                                                            "is_parallel": true,
                                                            "self": 3.9810312000000785
                                                        },
                                                        "steps_from_proto": {
                                                            "total": 0.38037499999998836,
                                                            "count": 1808,
                                                            "is_parallel": true,
                                                            "self": 0.1925797999999137,
                                                            "children": {
                                                                "_process_rank_one_or_two_observation": {
                                                                    "total": 0.18779520000007466,
                                                                    "count": 3616,
                                                                    "is_parallel": true,
                                                                    "self": 0.18779520000007466
                                                                }
                                                            }
                                                        }
                                                    }
                                                }
                                            }
                                        }
                                    }
                                }
                            }
                        },
                        "trainer_advance": {
                            "total": 5.041159800000045,
                            "count": 1808,
                            "self": 0.03549680000009303,
                            "children": {
                                "process_trajectory": {
                                    "total": 1.3088450999999495,
                                    "count": 1808,
                                    "self": 1.3088450999999495
                                },